Date,Symbol,Finra Symbol,Open,High,Low,Close,Volume,Short Interest (%),PE Ratio
2020-07-15,LMND,0P0001K7GY,80.8499984741211,81.0,72.5,74.16999816894531,1393200.0,1.7179,0
2020-07-16,LMND,0P0001K7GY,72.25,80.75,72.02999877929688,79.29000091552734,1450700.0,1.7179,0
2020-07-17,LMND,0P0001K7GY,78.0,88.0,76.13999938964844,85.88999938964844,2046800.0,1.7179,0
2020-07-20,LMND,0P0001K7GY,86.33999633789062,87.0,82.0,84.23999786376953,952900.0,1.7179,0
2020-07-21,LMND,0P0001K7GY,84.68000030517578,85.19999694824219,80.54499816894531,80.8499984741211,510400.0,1.7179,0
2020-07-22,LMND,0P0001K7GY,80.16999816894531,81.9000015258789,77.0,78.5,626300.0,1.7179,0
2020-07-23,LMND,0P0001K7GY,78.94999694824219,86.88999938964844,78.61000061035156,82.16000366210938,1664600.0,1.7179,0
2020-07-24,LMND,0P0001K7GY,78.80000305175781,82.75499725341797,75.5,77.97000122070312,1167500.0,1.7179,0
2020-07-27,LMND,0P0001K7GY,74.94000244140625,75.9000015258789,71.05000305175781,73.0,2084100.0,1.7179,0
2020-07-28,LMND,0P0001K7GY,72.41999816894531,73.5,66.38999938964844,66.43000030517578,1492700.0,1.7179,0
2020-07-29,LMND,0P0001K7GY,68.16000366210938,70.5,66.80999755859375,69.05000305175781,975700.0,1.7179,0
2020-07-30,LMND,0P0001K7GY,67.80999755859375,68.54000091552734,65.0,65.0999984741211,852700.0,1.7179,0
2020-07-31,LMND,0P0001K7GY,67.1500015258789,67.47000122070312,57.52000045776367,58.18000030517578,1875100.0,4.7124,0
2020-08-03,LMND,0P0001K7GY,59.709999084472656,61.18000030517578,56.70000076293945,56.86000061035156,1610700.0,4.7124,0
2020-08-04,LMND,0P0001K7GY,57.0,62.38999938964844,57.0,61.13999938964844,1495700.0,4.7124,0
2020-08-05,LMND,0P0001K7GY,61.77000045776367,64.94999694824219,59.27000045776367,64.4800033569336,1129700.0,4.7124,0
2020-08-06,LMND,0P0001K7GY,65.68000030517578,69.87999725341797,64.5999984741211,68.69999694824219,1154200.0,4.7124,0
2020-08-07,LMND,0P0001K7GY,68.56999969482422,69.02400207519531,65.56999969482422,66.83999633789062,657000.0,4.7124,0
2020-08-10,LMND,0P0001K7GY,67.91000366210938,68.76000213623047,63.59000015258789,67.41000366210938,890900.0,4.7124,0
2020-08-11,LMND,0P0001K7GY,67.41000366210938,67.54000091552734,62.75,62.75,992500.0,4.7124,0
2020-08-12,LMND,0P0001K7GY,58.0,63.5,57.099998474121094,60.66999816894531,1888100.0,4.7124,0
2020-08-13,LMND,0P0001K7GY,60.54999923706055,62.470001220703125,58.25,59.2599983215332,1007400.0,4.7124,0
2020-08-14,LMND,0P0001K7GY,59.470001220703125,63.81999969482422,59.470001220703125,63.220001220703125,1062800.0,6.8625,0
2020-08-17,LMND,0P0001K7GY,63.0,63.279998779296875,60.27000045776367,61.47999954223633,695900.0,6.8625,0
2020-08-18,LMND,0P0001K7GY,61.400001525878906,62.880001068115234,60.5,61.790000915527344,484000.0,6.8625,0
2020-08-19,LMND,0P0001K7GY,62.0,62.33000183105469,60.79999923706055,61.70000076293945,357600.0,6.8625,0
2020-08-20,LMND,0P0001K7GY,61.060001373291016,61.70000076293945,59.65999984741211,59.86000061035156,519700.0,6.8625,0
2020-08-21,LMND,0P0001K7GY,60.0,60.650001525878906,59.52000045776367,60.20000076293945,423900.0,6.8625,0
2020-08-24,LMND,0P0001K7GY,60.650001525878906,66.36000061035156,60.650001525878906,66.0,1713100.0,6.8625,0
2020-08-25,LMND,0P0001K7GY,65.72000122070312,66.0,60.18000030517578,61.0099983215332,1644500.0,6.8625,0
2020-08-26,LMND,0P0001K7GY,61.45000076293945,62.97999954223633,60.209999084472656,61.130001068115234,1165800.0,6.8625,0
2020-08-27,LMND,0P0001K7GY,62.20000076293945,62.65999984741211,58.189998626708984,58.38999938964844,1294400.0,6.8625,0
2020-08-28,LMND,0P0001K7GY,59.400001525878906,61.689998626708984,57.880001068115234,58.18000030517578,1180000.0,6.8625,0
2020-08-31,LMND,0P0001K7GY,58.25,59.20000076293945,57.290000915527344,58.70000076293945,866400.0,7.9036,0
2020-09-01,LMND,0P0001K7GY,59.06999969482422,59.209999084472656,55.5,56.189998626708984,1303900.0,7.9036,0
2020-09-02,LMND,0P0001K7GY,56.38999938964844,57.25,52.724998474121094,54.70000076293945,1905800.0,7.9036,0
2020-09-03,LMND,0P0001K7GY,54.20000076293945,54.20000076293945,50.0,50.83000183105469,1656200.0,7.9036,0
2020-09-04,LMND,0P0001K7GY,50.72999954223633,51.959999084472656,44.11000061035156,47.27000045776367,2906900.0,7.9036,0
2020-09-08,LMND,0P0001K7GY,46.380001068115234,49.34000015258789,44.904998779296875,47.18000030517578,1112500.0,7.9036,0
2020-09-09,LMND,0P0001K7GY,48.4900016784668,51.290000915527344,48.25,50.18000030517578,1095600.0,7.9036,0
2020-09-10,LMND,0P0001K7GY,51.5,54.75,50.900001525878906,52.400001525878906,963000.0,7.9036,0
2020-09-11,LMND,0P0001K7GY,52.689998626708984,52.8650016784668,49.900001525878906,50.119998931884766,704000.0,7.9036,0
2020-09-14,LMND,0P0001K7GY,50.900001525878906,51.255001068115234,47.39500045776367,48.709999084472656,1125000.0,7.9036,0
2020-09-15,LMND,0P0001K7GY,49.5,49.66999816894531,46.744998931884766,47.150001525878906,890600.0,12.8296,0
2020-09-16,LMND,0P0001K7GY,47.310001373291016,49.4900016784668,47.25,48.650001525878906,919500.0,12.8296,0
2020-09-17,LMND,0P0001K7GY,47.20000076293945,52.06999969482422,47.189998626708984,51.880001068115234,1174900.0,12.8296,0
2020-09-18,LMND,0P0001K7GY,51.90999984741211,56.40999984741211,51.20000076293945,55.2400016784668,2947900.0,12.8296,0
2020-09-21,LMND,0P0001K7GY,53.310001373291016,54.5,50.36000061035156,52.93000030517578,1410000.0,12.8296,0
2020-09-22,LMND,0P0001K7GY,52.43000030517578,54.29999923706055,50.70000076293945,54.06999969482422,588600.0,12.8296,0
2020-09-23,LMND,0P0001K7GY,54.29999923706055,56.9900016784668,49.54999923706055,49.869998931884766,997200.0,12.8296,0
2020-09-24,LMND,0P0001K7GY,48.79999923706055,50.810001373291016,47.310001373291016,47.97999954223633,841400.0,12.8296,0
2020-09-25,LMND,0P0001K7GY,48.0,51.029998779296875,48.0,50.93000030517578,482500.0,12.8296,0
2020-09-28,LMND,0P0001K7GY,52.0,52.29999923706055,50.20000076293945,51.25,418400.0,12.8296,0
2020-09-29,LMND,0P0001K7GY,50.5,50.939998626708984,48.560001373291016,49.61000061035156,742100.0,12.8296,0
2020-09-30,LMND,0P0001K7GY,49.29999923706055,51.529998779296875,49.29999923706055,49.720001220703125,614500.0,17.4915,0
2020-10-01,LMND,0P0001K7GY,50.2599983215332,52.22999954223633,48.400001525878906,51.459999084472656,904800.0,17.4915,0
2020-10-02,LMND,0P0001K7GY,49.5,53.40999984741211,49.2400016784668,51.58000183105469,1098100.0,17.4915,0
2020-10-05,LMND,0P0001K7GY,53.02000045776367,54.75,52.7599983215332,54.0,590800.0,17.4915,0
2020-10-06,LMND,0P0001K7GY,54.7599983215332,55.38999938964844,51.70000076293945,52.439998626708984,552900.0,17.4915,0
2020-10-07,LMND,0P0001K7GY,53.130001068115234,54.900001525878906,53.130001068115234,53.599998474121094,423300.0,17.4915,0
2020-10-08,LMND,0P0001K7GY,54.70000076293945,60.119998931884766,54.5099983215332,60.099998474121094,1547300.0,17.4915,0
2020-10-09,LMND,0P0001K7GY,60.11000061035156,68.19000244140625,58.54999923706055,67.80999755859375,2353900.0,17.4915,0
2020-10-12,LMND,0P0001K7GY,67.80999755859375,68.98999786376953,63.0099983215332,66.16999816894531,1408100.0,17.4915,0
2020-10-13,LMND,0P0001K7GY,65.0199966430664,68.73999786376953,64.0,66.7300033569336,756400.0,17.4915,0
2020-10-14,LMND,0P0001K7GY,67.0,72.55000305175781,65.66999816894531,68.0,1478500.0,17.4915,0
2020-10-15,LMND,0P0001K7GY,64.0199966430664,65.62000274658203,61.2400016784668,62.40999984741211,1847200.0,16.0562,0
2020-10-16,LMND,0P0001K7GY,63.310001373291016,63.63999938964844,58.720001220703125,58.9900016784668,1118900.0,16.0562,0
2020-10-19,LMND,0P0001K7GY,59.34000015258789,60.959999084472656,58.5099983215332,58.95000076293945,636700.0,16.0562,0
2020-10-20,LMND,0P0001K7GY,59.93000030517578,60.73500061035156,58.5,58.58000183105469,484900.0,16.0562,0
2020-10-21,LMND,0P0001K7GY,59.060001373291016,59.59000015258789,56.7599983215332,57.97999954223633,604100.0,16.0562,0
2020-10-22,LMND,0P0001K7GY,57.93000030517578,58.63999938964844,52.321998596191406,52.529998779296875,1420100.0,16.0562,0
2020-10-23,LMND,0P0001K7GY,53.77000045776367,53.869998931884766,50.0,51.09000015258789,1417600.0,16.0562,0
2020-10-26,LMND,0P0001K7GY,50.54999923706055,52.279998779296875,48.939998626708984,51.189998626708984,1125500.0,16.0562,0
2020-10-27,LMND,0P0001K7GY,51.63999938964844,51.88999938964844,49.79999923706055,50.72999954223633,448100.0,16.0562,0
2020-10-28,LMND,0P0001K7GY,48.900001525878906,50.20000076293945,48.0,49.130001068115234,893300.0,16.0562,0
2020-10-29,LMND,0P0001K7GY,49.540000915527344,49.91600036621094,46.60100173950195,46.900001525878906,1109300.0,16.0562,0
2020-10-30,LMND,0P0001K7GY,47.689998626708984,51.14799880981445,47.09000015258789,50.290000915527344,986300.0,20.6703,0
2020-11-02,LMND,0P0001K7GY,52.4900016784668,54.02000045776367,51.0099983215332,52.959999084472656,908600.0,20.6703,0
2020-11-03,LMND,0P0001K7GY,53.4900016784668,59.279998779296875,53.4900016784668,58.400001525878906,1063500.0,20.6703,0
2020-11-04,LMND,0P0001K7GY,58.970001220703125,60.83000183105469,56.650001525878906,59.70000076293945,638600.0,20.6703,0
2020-11-05,LMND,0P0001K7GY,60.5099983215332,64.19999694824219,60.5,63.95000076293945,656600.0,20.6703,0
2020-11-06,LMND,0P0001K7GY,63.0,63.16999816894531,59.073001861572266,61.369998931884766,853700.0,20.6703,0
2020-11-09,LMND,0P0001K7GY,65.12999725341797,66.66000366210938,62.0,65.62000274658203,1059600.0,20.6703,0
2020-11-10,LMND,0P0001K7GY,65.0,68.63999938964844,60.119998931884766,65.91999816894531,1316000.0,20.6703,0
2020-11-11,LMND,0P0001K7GY,64.98999786376953,65.30000305175781,57.79999923706055,57.900001525878906,2283300.0,20.6703,0
2020-11-12,LMND,0P0001K7GY,60.93000030517578,60.93000030517578,55.25,56.0,2246800.0,20.6703,0
2020-11-13,LMND,0P0001K7GY,56.70000076293945,60.189998626708984,55.150001525878906,59.869998931884766,2097200.0,19.7676,0
2020-11-16,LMND,0P0001K7GY,61.189998626708984,66.06999969482422,61.0,65.26000213623047,1592700.0,19.7676,0
2020-11-17,LMND,0P0001K7GY,62.95000076293945,66.0,62.099998474121094,65.26000213623047,1605900.0,19.7676,0
2020-11-18,LMND,0P0001K7GY,66.12999725341797,66.12999725341797,62.79999923706055,63.790000915527344,1094800.0,19.7676,0
2020-11-19,LMND,0P0001K7GY,63.79999923706055,64.91000366210938,60.52799987792969,62.16999816894531,843600.0,19.7676,0
2020-11-20,LMND,0P0001K7GY,62.97999954223633,63.630001068115234,61.08399963378906,63.150001525878906,562000.0,19.7676,0
2020-11-23,LMND,0P0001K7GY,64.0,64.33000183105469,61.39099884033203,64.2300033569336,892500.0,19.7676,0
2020-11-24,LMND,0P0001K7GY,64.5,69.33999633789062,63.060001373291016,68.98999786376953,2125100.0,19.7676,0
2020-11-25,LMND,0P0001K7GY,68.77999877929688,73.1500015258789,67.19999694824219,68.22000122070312,2255500.0,19.7676,0
2020-11-27,LMND,0P0001K7GY,69.33000183105469,75.62000274658203,68.5719985961914,75.12999725341797,1470600.0,19.7676,0
2020-11-30,LMND,0P0001K7GY,73.5999984741211,77.48999786376953,68.94000244140625,69.2699966430664,2498800.0,14.1832,0
2020-12-01,LMND,0P0001K7GY,71.37000274658203,71.4000015258789,63.150001525878906,63.650001525878906,2144800.0,14.1832,0
2020-12-02,LMND,0P0001K7GY,65.38999938964844,67.11000061035156,62.310001373291016,66.83000183105469,1059000.0,14.1832,0
2020-12-03,LMND,0P0001K7GY,66.98999786376953,83.16999816894531,65.91999816894531,80.3499984741211,9344400.0,14.1832,0
2020-12-04,LMND,0P0001K7GY,82.5,85.94999694824219,78.02999877929688,85.04000091552734,5463900.0,14.1832,0
2020-12-07,LMND,0P0001K7GY,90.02999877929688,99.98999786376953,88.0199966430664,91.72000122070312,7528100.0,14.1832,0
2020-12-08,LMND,0P0001K7GY,97.30999755859375,97.6500015258789,89.3499984741211,90.5999984741211,3844500.0,14.1832,0
2020-12-09,LMND,0P0001K7GY,92.01000213623047,93.75,84.0999984741211,87.38999938964844,2926400.0,14.1832,0
2020-12-10,LMND,0P0001K7GY,85.2300033569336,111.68000030517578,85.00700378417969,99.69999694824219,7697800.0,14.1832,0
2020-12-11,LMND,0P0001K7GY,100.75,101.25,87.56999969482422,91.58999633789062,5590400.0,14.1832,0
2020-12-14,LMND,0P0001K7GY,97.41999816894531,98.08999633789062,90.0999984741211,92.0,2746300.0,14.1832,0
2020-12-15,LMND,0P0001K7GY,92.2300033569336,93.17900085449219,86.32099914550781,90.80000305175781,2846200.0,23.1006,0
2020-12-16,LMND,0P0001K7GY,91.87999725341797,96.38999938964844,89.63999938964844,96.36000061035156,2112500.0,23.1006,0
2020-12-17,LMND,0P0001K7GY,96.66000366210938,105.26799774169922,94.41500091552734,103.55999755859375,3574100.0,23.1006,0
2020-12-18,LMND,0P0001K7GY,107.1500015258789,108.9800033569336,99.76000213623047,106.51000213623047,2792600.0,23.1006,0
2020-12-21,LMND,0P0001K7GY,104.0,111.08999633789062,100.25,109.06999969482422,2848100.0,23.1006,0
2020-12-22,LMND,0P0001K7GY,115.0,119.5,110.73999786376953,119.08000183105469,3424400.0,23.1006,0
2020-12-23,LMND,0P0001K7GY,122.63999938964844,137.3000030517578,122.30000305175781,134.4499969482422,5511800.0,23.1006,0
2020-12-24,LMND,0P0001K7GY,129.5,131.61000061035156,122.55000305175781,125.11000061035156,2812700.0,23.1006,0
2020-12-28,LMND,0P0001K7GY,119.0,120.44999694824219,106.01000213623047,107.66999816894531,6543600.0,23.1006,0
2020-12-29,LMND,0P0001K7GY,110.52999877929688,120.80000305175781,110.5,118.33999633789062,6793600.0,23.1006,0
2020-12-30,LMND,0P0001K7GY,118.30000305175781,131.21499633789062,118.30000305175781,129.88999938964844,4738400.0,23.1006,0
2020-12-31,LMND,0P0001K7GY,129.5500030517578,130.77999877929688,119.66000366210938,122.5,4879900.0,25.8098,0
2021-01-04,LMND,0P0001K7GY,126.05000305175781,126.34200286865234,111.05999755859375,113.36000061035156,3713000.0,25.8098,0
2021-01-05,LMND,0P0001K7GY,114.69000244140625,124.16999816894531,114.5,122.0,2566300.0,25.8098,0
2021-01-06,LMND,0P0001K7GY,118.0,123.72000122070312,113.61000061035156,119.33999633789062,2217600.0,25.8098,0
2021-01-07,LMND,0P0001K7GY,123.01000213623047,152.99000549316406,122.69000244140625,152.17999267578125,6784400.0,25.8098,0
2021-01-08,LMND,0P0001K7GY,148.17999267578125,168.58999633789062,142.0,160.74000549316406,7505100.0,25.8098,0
2021-01-11,LMND,0P0001K7GY,154.9499969482422,184.0,154.10000610351562,183.25999450683594,7535700.0,25.8098,0
2021-01-12,LMND,0P0001K7GY,170.0,188.3000030517578,166.0,172.99000549316406,8202600.0,25.8098,0
2021-01-13,LMND,0P0001K7GY,179.0399932861328,187.0,175.5,176.63999938964844,4564200.0,25.8098,0
2021-01-14,LMND,0P0001K7GY,171.5,173.47999572753906,156.49000549316406,158.5,15223600.0,25.8098,0
2021-01-15,LMND,0P0001K7GY,153.58999633789062,158.19000244140625,143.13999938964844,147.74000549316406,9373700.0,26.3320,0
2021-01-19,LMND,0P0001K7GY,150.30999755859375,150.8000030517578,138.8000030517578,142.63999938964844,6550100.0,26.3320,0
2021-01-20,LMND,0P0001K7GY,146.8300018310547,153.8800048828125,143.8699951171875,145.2100067138672,4136500.0,26.3320,0
2021-01-21,LMND,0P0001K7GY,150.0,152.47999572753906,145.50999450683594,148.19000244140625,2779400.0,26.3320,0
2021-01-22,LMND,0P0001K7GY,145.10000610351562,155.75999450683594,144.5,153.49000549316406,2891700.0,26.3320,0
2021-01-25,LMND,0P0001K7GY,159.58999633789062,170.5,148.02000427246094,150.97999572753906,6629500.0,26.3320,0
2021-01-26,LMND,0P0001K7GY,151.2100067138672,157.24000549316406,146.1540069580078,153.3800048828125,3545600.0,26.3320,0
2021-01-27,LMND,0P0001K7GY,145.75,182.89999389648438,145.30999755859375,156.0,7783700.0,26.3320,0
2021-01-28,LMND,0P0001K7GY,159.99000549316406,164.72000122070312,147.1699981689453,149.27000427246094,2924400.0,26.3320,0
2021-01-29,LMND,0P0001K7GY,151.19000244140625,156.8800048828125,140.22000122070312,145.25,2741800.0,12.0191,0
2021-02-01,LMND,0P0001K7GY,148.0,154.4600067138672,145.2899932861328,149.1999969482422,2836400.0,12.0191,0
2021-02-02,LMND,0P0001K7GY,152.7100067138672,152.7100067138672,142.40699768066406,143.44000244140625,3638500.0,12.0191,0
2021-02-03,LMND,0P0001K7GY,145.49000549316406,151.25999450683594,141.1300048828125,149.97999572753906,2224600.0,12.0191,0
2021-02-04,LMND,0P0001K7GY,151.0,154.27000427246094,146.85000610351562,148.0,1859100.0,12.0191,0
2021-02-05,LMND,0P0001K7GY,148.89999389648438,149.99000549316406,142.61000061035156,144.82000732421875,2105800.0,12.0191,0
2021-02-08,LMND,0P0001K7GY,146.0,149.25999450683594,140.41000366210938,141.7899932861328,2600000.0,12.0191,0
2021-02-09,LMND,0P0001K7GY,141.89999389648438,157.49000549316406,141.89999389648438,155.5800018310547,4144200.0,12.0191,0
2021-02-10,LMND,0P0001K7GY,158.69000244140625,165.75,147.11000061035156,154.77000427246094,3689400.0,12.0191,0
2021-02-11,LMND,0P0001K7GY,156.14999389648438,162.8800048828125,152.1300048828125,160.1699981689453,2804700.0,12.0191,0
2021-02-12,LMND,0P0001K7GY,161.5,168.44000244140625,161.30999755859375,163.92999267578125,2307100.0,11.3558,0
2021-02-16,LMND,0P0001K7GY,165.8300018310547,171.55999755859375,154.61000061035156,159.02000427246094,2922300.0,11.3558,0
2021-02-17,LMND,0P0001K7GY,155.99000549316406,158.75,146.77000427246094,152.25,2171200.0,11.3558,0
2021-02-18,LMND,0P0001K7GY,148.82000732421875,149.85000610351562,141.1300048828125,145.17999267578125,2169100.0,11.3558,0
2021-02-19,LMND,0P0001K7GY,147.74000549316406,153.1999969482422,146.5,148.58999633789062,1778100.0,11.3558,0
2021-02-22,LMND,0P0001K7GY,147.07000732421875,147.07000732421875,135.25999450683594,137.25,3269800.0,11.3558,0
2021-02-23,LMND,0P0001K7GY,130.0,133.6300048828125,113.55000305175781,129.27999877929688,4381100.0,11.3558,0
2021-02-24,LMND,0P0001K7GY,132.07000732421875,135.47000122070312,125.0999984741211,129.02000427246094,2072400.0,11.3558,0
2021-02-25,LMND,0P0001K7GY,129.0,136.7899932861328,121.0999984741211,125.44999694824219,2963600.0,11.3558,0
2021-02-26,LMND,0P0001K7GY,127.0,129.2899932861328,118.32599639892578,125.79000091552734,2821800.0,14.6315,0
2021-03-01,LMND,0P0001K7GY,127.0,132.8800048828125,127.0,132.42999267578125,2541200.0,14.6315,0
2021-03-02,LMND,0P0001K7GY,119.69999694824219,119.7300033569336,110.0,110.44999694824219,7638200.0,14.6315,0
2021-03-03,LMND,0P0001K7GY,113.0199966430664,113.27999877929688,102.0,103.06999969482422,4555100.0,14.6315,0
2021-03-04,LMND,0P0001K7GY,102.66000366210938,108.05999755859375,91.73500061035156,95.80000305175781,5476700.0,14.6315,0
2021-03-05,LMND,0P0001K7GY,96.19999694824219,96.5,80.0199966430664,92.9000015258789,6073200.0,14.6315,0
2021-03-08,LMND,0P0001K7GY,92.52999877929688,95.11399841308594,86.19999694824219,86.75,3277000.0,14.6315,0
2021-03-09,LMND,0P0001K7GY,87.55999755859375,95.87000274658203,86.9000015258789,93.5199966430664,3725500.0,14.6315,0
2021-03-10,LMND,0P0001K7GY,94.33999633789062,100.7040023803711,91.5,94.06999969482422,2889100.0,14.6315,0
2021-03-11,LMND,0P0001K7GY,95.0999984741211,109.73999786376953,94.0,105.87999725341797,6319600.0,14.6315,0
2021-03-12,LMND,0P0001K7GY,105.00499725341797,105.00499725341797,98.40499877929688,104.54000091552734,3462100.0,14.6315,0
2021-03-15,LMND,0P0001K7GY,106.20999908447266,111.75,104.25,109.9800033569336,3074800.0,17.5070,0
2021-03-16,LMND,0P0001K7GY,110.0,113.16999816894531,105.05999755859375,107.33000183105469,2634300.0,17.5070,0
2021-03-17,LMND,0P0001K7GY,101.86000061035156,105.80000305175781,97.5999984741211,104.7699966430664,3016200.0,17.5070,0
2021-03-18,LMND,0P0001K7GY,101.98999786376953,102.87999725341797,95.48100280761719,96.25,3431700.0,17.5070,0
2021-03-19,LMND,0P0001K7GY,98.75,100.2249984741211,94.22000122070312,99.69999694824219,3740900.0,17.5070,0
2021-03-22,LMND,0P0001K7GY,99.70999908447266,101.93000030517578,96.08000183105469,98.5999984741211,2332800.0,17.5070,0
2021-03-23,LMND,0P0001K7GY,98.0,99.45999908447266,94.37999725341797,95.87999725341797,1547200.0,17.5070,0
2021-03-24,LMND,0P0001K7GY,96.30999755859375,97.79000091552734,88.11000061035156,89.27999877929688,2404200.0,17.5070,0
2021-03-25,LMND,0P0001K7GY,86.48999786376953,92.29900360107422,84.69999694824219,88.98999786376953,2911100.0,17.5070,0
2021-03-26,LMND,0P0001K7GY,89.2300033569336,91.9800033569336,82.87000274658203,87.37999725341797,2625700.0,17.5070,0
2021-03-29,LMND,0P0001K7GY,86.27999877929688,88.30999755859375,81.9000015258789,83.61000061035156,2451900.0,17.5070,0
2021-03-30,LMND,0P0001K7GY,82.5,90.3499984741211,80.30999755859375,89.86000061035156,2712100.0,17.5070,0
2021-03-31,LMND,0P0001K7GY,91.33999633789062,94.33000183105469,89.94000244140625,93.12999725341797,2000000.0,23.8931,0
2021-04-01,LMND,0P0001K7GY,96.0,98.44999694824219,93.34200286865234,95.58000183105469,1565300.0,23.8931,0
2021-04-05,LMND,0P0001K7GY,96.80000305175781,97.05000305175781,90.05999755859375,92.05000305175781,1593100.0,23.8931,0
2021-04-06,LMND,0P0001K7GY,92.5,98.91000366210938,92.41000366210938,95.19999694824219,1742300.0,23.8931,0
2021-04-07,LMND,0P0001K7GY,95.0,96.20500183105469,90.94000244140625,91.66000366210938,1164500.0,23.8931,0
2021-04-08,LMND,0P0001K7GY,91.5999984741211,96.5199966430664,91.0999984741211,95.0,1835800.0,23.8931,0
2021-04-09,LMND,0P0001K7GY,94.66000366210938,94.9000015258789,91.30000305175781,92.69000244140625,1299100.0,23.8931,0
2021-04-12,LMND,0P0001K7GY,92.5,92.52999877929688,88.3550033569336,89.77999877929688,1550300.0,23.8931,0
2021-04-13,LMND,0P0001K7GY,90.47000122070312,90.7699966430664,87.7300033569336,89.4000015258789,1491800.0,23.8931,0
2021-04-14,LMND,0P0001K7GY,90.7699966430664,93.197998046875,88.1500015258789,88.5999984741211,1522200.0,23.8931,0
2021-04-15,LMND,0P0001K7GY,89.83999633789062,91.9800033569336,86.63999938964844,88.25,1580800.0,20.9652,0
2021-04-16,LMND,0P0001K7GY,88.2300033569336,88.5,86.05000305175781,87.8499984741211,1299500.0,20.9652,0
2021-04-19,LMND,0P0001K7GY,87.36000061035156,88.37000274658203,83.30999755859375,84.06999969482422,1355500.0,20.9652,0
2021-04-20,LMND,0P0001K7GY,83.56999969482422,85.25,78.7699966430664,80.9800033569336,2861600.0,20.9652,0
2021-04-21,LMND,0P0001K7GY,80.7699966430664,90.0999984741211,78.8030014038086,89.75,2815800.0,20.9652,0
2021-04-22,LMND,0P0001K7GY,90.6500015258789,93.73999786376953,87.25,90.54000091552734,2272100.0,20.9652,0
2021-04-23,LMND,0P0001K7GY,92.05000305175781,95.52999877929688,91.08999633789062,93.91999816894531,1949600.0,20.9652,0
2021-04-26,LMND,0P0001K7GY,94.94000244140625,100.36000061035156,94.55000305175781,97.55999755859375,1816300.0,20.9652,0
2021-04-27,LMND,0P0001K7GY,97.55999755859375,100.56999969482422,95.94999694824219,97.16999816894531,1483700.0,20.9652,0
2021-04-28,LMND,0P0001K7GY,95.04000091552734,96.72000122070312,94.08999633789062,94.5999984741211,1017400.0,20.9652,0
2021-04-29,LMND,0P0001K7GY,95.61000061035156,97.08999633789062,90.70999908447266,92.51000213623047,1103500.0,20.9652,0
2021-04-30,LMND,0P0001K7GY,90.9800033569336,93.63999938964844,90.02999877929688,90.4000015258789,721600.0,20.9570,0
2021-05-03,LMND,0P0001K7GY,90.91000366210938,90.91000366210938,85.75,86.19999694824219,1253300.0,20.9570,0
2021-05-04,LMND,0P0001K7GY,85.05000305175781,85.3499984741211,80.05000305175781,83.66999816894531,2152800.0,20.9570,0
2021-05-05,LMND,0P0001K7GY,84.06999969482422,84.7300033569336,80.05000305175781,81.08000183105469,1444200.0,20.9570,0
2021-05-06,LMND,0P0001K7GY,80.48999786376953,80.48999786376953,73.19999694824219,76.12999725341797,3162800.0,20.9570,0
2021-05-07,LMND,0P0001K7GY,77.97000122070312,81.01000213623047,77.02999877929688,79.11000061035156,1578200.0,20.9570,0
2021-05-10,LMND,0P0001K7GY,77.36000061035156,77.58999633789062,71.05000305175781,71.05999755859375,3391400.0,20.9570,0
2021-05-11,LMND,0P0001K7GY,66.01000213623047,74.81999969482422,65.12999725341797,73.8499984741211,3831300.0,20.9570,0
2021-05-12,LMND,0P0001K7GY,67.94999694824219,68.3499984741211,60.06700134277344,60.16999816894531,12298500.0,20.9570,0
2021-05-13,LMND,0P0001K7GY,60.119998931884766,67.30000305175781,58.83000183105469,64.72000122070312,9167000.0,20.9570,0
2021-05-14,LMND,0P0001K7GY,65.95999908447266,69.87000274658203,64.12999725341797,69.44999694824219,4881800.0,27.4077,0
2021-05-17,LMND,0P0001K7GY,68.75,73.05999755859375,68.01000213623047,72.4800033569336,2104400.0,27.4077,0
2021-05-18,LMND,0P0001K7GY,73.19999694824219,74.87999725341797,71.26000213623047,73.87000274658203,1750600.0,27.4077,0
2021-05-19,LMND,0P0001K7GY,69.8499984741211,74.80000305175781,69.33000183105469,73.91999816894531,1428500.0,27.4077,0
2021-05-20,LMND,0P0001K7GY,75.0,78.36000061035156,74.72000122070312,77.52999877929688,1596500.0,27.4077,0
2021-05-21,LMND,0P0001K7GY,78.41999816894531,80.13999938964844,76.52999877929688,78.4000015258789,1486400.0,27.4077,0
2021-05-24,LMND,0P0001K7GY,78.5999984741211,82.30999755859375,77.51000213623047,80.83999633789062,1453000.0,27.4077,0
2021-05-25,LMND,0P0001K7GY,81.0,81.37000274658203,75.69000244140625,76.05999755859375,2088900.0,27.4077,0
2021-05-26,LMND,0P0001K7GY,76.55999755859375,85.20999908447266,76.427001953125,84.19999694824219,2156500.0,27.4077,0
2021-05-27,LMND,0P0001K7GY,83.41000366210938,86.48999786376953,81.72000122070312,86.0,1630400.0,27.4077,0
2021-05-28,LMND,0P0001K7GY,86.76000213623047,92.75,86.697998046875,90.47000122070312,2569500.0,27.9604,0
2021-06-01,LMND,0P0001K7GY,91.0199966430664,91.79000091552734,86.58000183105469,91.72000122070312,1740300.0,27.9604,0
2021-06-02,LMND,0P0001K7GY,90.55999755859375,99.29000091552734,90.0,99.02999877929688,4073100.0,27.9604,0
2021-06-03,LMND,0P0001K7GY,96.01000213623047,102.27999877929688,94.29000091552734,96.87999725341797,2990700.0,27.9604,0
2021-06-04,LMND,0P0001K7GY,96.22000122070312,98.6500015258789,94.83000183105469,95.8499984741211,1218600.0,27.9604,0
2021-06-07,LMND,0P0001K7GY,96.5,99.5199966430664,93.20999908447266,99.01000213623047,1089500.0,27.9604,0
2021-06-08,LMND,0P0001K7GY,99.8499984741211,109.01000213623047,99.6760025024414,103.62999725341797,2652700.0,27.9604,0
2021-06-09,LMND,0P0001K7GY,102.01000213623047,107.88999938964844,100.75,105.1500015258789,2374500.0,27.9604,0
2021-06-10,LMND,0P0001K7GY,104.98999786376953,105.18000030517578,99.81999969482422,101.36000061035156,1950400.0,27.9604,0
2021-06-11,LMND,0P0001K7GY,102.76000213623047,106.9800033569336,102.5199966430664,106.16999816894531,1742100.0,27.9604,0
2021-06-14,LMND,0P0001K7GY,106.5,107.33000183105469,103.30999755859375,103.77999877929688,1003700.0,27.9604,0
2021-06-15,LMND,0P0001K7GY,103.5,104.0,94.36000061035156,96.37999725341797,2111200.0,19.5920,0
2021-06-16,LMND,0P0001K7GY,96.5,99.56999969482422,92.36000061035156,95.5999984741211,1746400.0,19.5920,0
2021-06-17,LMND,0P0001K7GY,94.5999984741211,101.31999969482422,94.12999725341797,99.19000244140625,1636800.0,19.5920,0
2021-06-18,LMND,0P0001K7GY,99.19000244140625,104.26000213623047,98.62000274658203,103.83000183105469,1619900.0,19.5920,0
2021-06-21,LMND,0P0001K7GY,102.11000061035156,104.5,98.0999984741211,102.80999755859375,1284900.0,19.5920,0
2021-06-22,LMND,0P0001K7GY,103.08000183105469,104.0999984741211,100.54000091552734,101.88999938964844,797500.0,19.5920,0
2021-06-23,LMND,0P0001K7GY,101.9000015258789,109.08000183105469,101.72000122070312,107.75,1995500.0,19.5920,0
2021-06-24,LMND,0P0001K7GY,108.55000305175781,112.70999908447266,107.3499984741211,109.48999786376953,1803800.0,19.5920,0
2021-06-25,LMND,0P0001K7GY,111.29000091552734,111.9000015258789,107.5479965209961,111.9000015258789,2194400.0,19.5920,0
2021-06-28,LMND,0P0001K7GY,110.11000061035156,113.16000366210938,109.73999786376953,110.8499984741211,1128300.0,19.5920,0
2021-06-29,LMND,0P0001K7GY,111.20999908447266,113.70999908447266,109.38999938964844,111.86000061035156,917100.0,19.5920,0
2021-06-30,LMND,0P0001K7GY,111.02999877929688,111.91999816894531,107.33000183105469,109.41000366210938,1002200.0,20.5451,0
2021-07-01,LMND,0P0001K7GY,110.20999908447266,115.8499984741211,108.50499725341797,112.75,1661900.0,20.5451,0
2021-07-02,LMND,0P0001K7GY,112.41000366210938,114.80000305175781,107.25,107.6500015258789,1148900.0,20.5451,0
2021-07-06,LMND,0P0001K7GY,107.26000213623047,107.3550033569336,103.05000305175781,105.01000213623047,1200400.0,20.5451,0
2021-07-07,LMND,0P0001K7GY,106.11000061035156,106.25,96.73999786376953,97.0199966430664,1547800.0,20.5451,0
2021-07-08,LMND,0P0001K7GY,94.5199966430664,97.58000183105469,92.47000122070312,95.94999694824219,1352000.0,20.5451,0
2021-07-09,LMND,0P0001K7GY,96.5,98.41799926757812,94.19999694824219,97.1500015258789,774100.0,20.5451,0
2021-07-12,LMND,0P0001K7GY,97.20999908447266,98.9800033569336,94.69999694824219,96.31999969482422,749200.0,20.5451,0
2021-07-13,LMND,0P0001K7GY,95.01000213623047,95.5,90.9000015258789,91.76000213623047,1472500.0,20.5451,0
2021-07-14,LMND,0P0001K7GY,91.69999694824219,92.5999984741211,86.81999969482422,87.29000091552734,1412100.0,20.5451,0
2021-07-15,LMND,0P0001K7GY,87.2300033569336,90.87899780273438,84.42500305175781,86.87999725341797,1496600.0,20.5724,0
2021-07-16,LMND,0P0001K7GY,87.55999755859375,88.19999694824219,83.48999786376953,84.25,1620500.0,20.5724,0
2021-07-19,LMND,0P0001K7GY,81.55999755859375,85.3499984741211,80.76000213623047,84.23999786376953,1190500.0,20.5724,0
2021-07-20,LMND,0P0001K7GY,85.55000305175781,88.26000213623047,83.08000183105469,86.58999633789062,1119700.0,20.5724,0
2021-07-21,LMND,0P0001K7GY,87.0,93.69000244140625,86.86000061035156,92.19999694824219,1751100.0,20.5724,0
2021-07-22,LMND,0P0001K7GY,92.44000244140625,92.44999694824219,88.12899780273438,88.69999694824219,957900.0,20.5724,0
2021-07-23,LMND,0P0001K7GY,89.79000091552734,90.0,85.56999969482422,85.83000183105469,1032900.0,20.5724,0
2021-07-26,LMND,0P0001K7GY,85.33999633789062,89.31900024414062,85.08999633789062,87.8499984741211,920600.0,20.5724,0
2021-07-27,LMND,0P0001K7GY,88.27999877929688,88.27999877929688,83.91000366210938,87.38999938964844,783800.0,20.5724,0
2021-07-28,LMND,0P0001K7GY,88.0,92.0,86.16999816894531,90.69999694824219,1005200.0,20.5724,0
2021-07-29,LMND,0P0001K7GY,90.86000061035156,91.58999633789062,87.56999969482422,88.25,734200.0,20.5724,0
2021-07-30,LMND,0P0001K7GY,87.69000244140625,89.43599700927734,85.80999755859375,87.05999755859375,596400.0,20.7255,0
2021-08-02,LMND,0P0001K7GY,88.01000213623047,91.3499984741211,87.26000213623047,88.9800033569336,920300.0,20.7255,0
2021-08-03,LMND,0P0001K7GY,88.9800033569336,88.9800033569336,84.53099822998047,86.93000030517578,1018400.0,20.7255,0
2021-08-04,LMND,0P0001K7GY,86.05999755859375,91.30000305175781,85.69999694824219,89.87999725341797,1770400.0,20.7255,0
2021-08-05,LMND,0P0001K7GY,82.75,82.76000213623047,77.80999755859375,79.63999938964844,4346000.0,20.7255,0
2021-08-06,LMND,0P0001K7GY,81.01000213623047,83.21499633789062,79.30999755859375,80.9000015258789,2051500.0,20.7255,0
2021-08-09,LMND,0P0001K7GY,80.94999694824219,87.97000122070312,80.125,85.3499984741211,2263200.0,20.7255,0
2021-08-10,LMND,0P0001K7GY,84.25,86.0,80.7300033569336,83.02999877929688,1260700.0,20.7255,0
2021-08-11,LMND,0P0001K7GY,82.86000061035156,83.48999786376953,79.2699966430664,81.7300033569336,1222500.0,20.7255,0
2021-08-12,LMND,0P0001K7GY,81.0,81.19000244140625,75.75,75.83999633789062,2315000.0,20.7255,0
2021-08-13,LMND,0P0001K7GY,76.08000183105469,76.48999786376953,73.13999938964844,73.55000305175781,2152300.0,23.5034,0
2021-08-16,LMND,0P0001K7GY,73.7300033569336,74.06500244140625,70.51000213623047,71.87000274658203,1735300.0,23.5034,0
2021-08-17,LMND,0P0001K7GY,69.98999786376953,70.4800033569336,66.4800033569336,68.38999938964844,3223600.0,23.5034,0
2021-08-18,LMND,0P0001K7GY,69.44000244140625,71.61000061035156,67.6500015258789,69.54000091552734,1536300.0,23.5034,0
2021-08-19,LMND,0P0001K7GY,68.5,70.37999725341797,67.01000213623047,67.55000305175781,1241900.0,23.5034,0
2021-08-20,LMND,0P0001K7GY,68.22000122070312,69.79000091552734,67.45999908447266,68.94000244140625,835500.0,23.5034,0
2021-08-23,LMND,0P0001K7GY,69.70999908447266,73.44999694824219,69.69000244140625,73.12000274658203,1627400.0,23.5034,0
2021-08-24,LMND,0P0001K7GY,74.37000274658203,77.08999633789062,73.44100189208984,75.95999908447266,1594700.0,23.5034,0
2021-08-25,LMND,0P0001K7GY,75.61000061035156,76.77999877929688,73.81999969482422,74.05000305175781,908800.0,23.5034,0
2021-08-26,LMND,0P0001K7GY,74.41000366210938,75.68199920654297,72.19999694824219,72.52999877929688,952100.0,23.5034,0
2021-08-27,LMND,0P0001K7GY,72.23999786376953,76.13999938964844,71.66000366210938,76.08000183105469,1113000.0,23.5034,0
2021-08-30,LMND,0P0001K7GY,76.98999786376953,77.0199966430664,74.44999694824219,75.47000122070312,1041900.0,23.5034,0
2021-08-31,LMND,0P0001K7GY,75.8499984741211,76.1500015258789,73.9000015258789,75.54000091552734,744100.0,28.2592,0
2021-09-01,LMND,0P0001K7GY,76.18000030517578,81.0999984741211,76.02300262451172,78.8499984741211,1409100.0,28.2592,0
2021-09-02,LMND,0P0001K7GY,79.76000213623047,81.677001953125,78.19999694824219,79.30000305175781,1112800.0,28.2592,0
2021-09-03,LMND,0P0001K7GY,78.98999786376953,79.25,76.32499694824219,77.31999969482422,975000.0,28.2592,0
2021-09-07,LMND,0P0001K7GY,77.44000244140625,79.12000274658203,76.62000274658203,76.86000061035156,879900.0,28.2592,0
2021-09-08,LMND,0P0001K7GY,76.62000274658203,77.44999694824219,73.91000366210938,74.94999694824219,920400.0,28.2592,0
2021-09-09,LMND,0P0001K7GY,74.08999633789062,77.81500244140625,74.0,76.2699966430664,1188700.0,28.2592,0
2021-09-10,LMND,0P0001K7GY,76.5,77.54000091552734,74.25,74.72000122070312,838600.0,28.2592,0
2021-09-13,LMND,0P0001K7GY,75.06999969482422,75.08499908447266,72.20999908447266,72.7699966430664,1192100.0,28.2592,0
2021-09-14,LMND,0P0001K7GY,72.9800033569336,74.5989990234375,70.0,70.91000366210938,1333600.0,28.2592,0
2021-09-15,LMND,0P0001K7GY,71.13999938964844,73.08000183105469,69.9800033569336,72.72000122070312,1078500.0,29.7218,0
2021-09-16,LMND,0P0001K7GY,72.4800033569336,74.13700103759766,71.3499984741211,72.27999877929688,859800.0,29.7218,0
2021-09-17,LMND,0P0001K7GY,72.91999816894531,74.0,72.08999633789062,73.23999786376953,2242900.0,29.7218,0
2021-09-20,LMND,0P0001K7GY,69.44000244140625,71.5,67.76000213623047,68.93000030517578,1740400.0,29.7218,0
2021-09-21,LMND,0P0001K7GY,69.80000305175781,71.13999938964844,68.9000015258789,70.16000366210938,1094100.0,29.7218,0
2021-09-22,LMND,0P0001K7GY,71.02999877929688,72.93000030517578,70.93499755859375,71.70999908447266,790200.0,29.7218,0
2021-09-23,LMND,0P0001K7GY,72.11000061035156,72.7699966430664,71.0999984741211,71.25,812800.0,29.7218,0
2021-09-24,LMND,0P0001K7GY,71.0199966430664,71.2300033569336,68.94000244140625,69.72000122070312,1142200.0,29.7218,0
2021-09-27,LMND,0P0001K7GY,69.9000015258789,72.6500015258789,68.67400360107422,71.87000274658203,996400.0,29.7218,0
2021-09-28,LMND,0P0001K7GY,70.33999633789062,71.28399658203125,67.0199966430664,67.20999908447266,1724900.0,29.7218,0
2021-09-29,LMND,0P0001K7GY,67.9800033569336,68.43000030517578,64.87000274658203,65.66999816894531,1142400.0,29.7218,0
2021-09-30,LMND,0P0001K7GY,66.5,67.55000305175781,65.05999755859375,67.01000213623047,1136100.0,31.3957,0
2021-10-01,LMND,0P0001K7GY,67.37999725341797,67.48999786376953,63.709999084472656,64.70999908447266,1640600.0,31.3957,0
2021-10-04,LMND,0P0001K7GY,64.16999816894531,64.30999755859375,61.04999923706055,61.869998931884766,1351400.0,31.3957,0
2021-10-05,LMND,0P0001K7GY,62.900001525878906,65.08000183105469,62.2400016784668,62.939998626708984,1219200.0,31.3957,0
2021-10-06,LMND,0P0001K7GY,62.41999816894531,64.72000122070312,61.790000915527344,64.05999755859375,1048800.0,31.3957,0
2021-10-07,LMND,0P0001K7GY,64.91000366210938,67.37999725341797,64.44999694824219,65.47000122070312,1534000.0,31.3957,0
2021-10-08,LMND,0P0001K7GY,64.62999725341797,64.75,62.63999938964844,63.52000045776367,1227200.0,31.3957,0
2021-10-11,LMND,0P0001K7GY,63.900001525878906,65.57099914550781,62.880001068115234,62.900001525878906,1010100.0,31.3957,0
2021-10-12,LMND,0P0001K7GY,63.29999923706055,65.18000030517578,63.20000076293945,64.12000274658203,651200.0,31.3957,0
2021-10-13,LMND,0P0001K7GY,64.13999938964844,66.12999725341797,63.66999816894531,65.87000274658203,716500.0,31.3957,0
2021-10-14,LMND,0P0001K7GY,67.4000015258789,69.63999938964844,67.0,67.98999786376953,1424400.0,31.3957,0
2021-10-15,LMND,0P0001K7GY,68.5999984741211,68.94999694824219,65.27999877929688,65.44999694824219,1259500.0,35.3110,0
2021-10-18,LMND,0P0001K7GY,64.97000122070312,66.94000244140625,64.64099884033203,66.93000030517578,902700.0,35.3110,0
2021-10-19,LMND,0P0001K7GY,66.93000030517578,67.37999725341797,64.11000061035156,66.19000244140625,1820500.0,35.3110,0
2021-10-20,LMND,0P0001K7GY,65.66999816894531,67.30000305175781,64.95999908447266,65.70999908447266,882300.0,35.3110,0
2021-10-21,LMND,0P0001K7GY,65.36000061035156,67.33000183105469,65.31400299072266,66.94999694824219,726600.0,35.3110,0
2021-10-22,LMND,0P0001K7GY,66.91999816894531,66.91999816894531,62.849998474121094,63.470001220703125,1255300.0,35.3110,0
2021-10-25,LMND,0P0001K7GY,63.16999816894531,65.5199966430664,62.86000061035156,65.01000213623047,924100.0,35.3110,0
2021-10-26,LMND,0P0001K7GY,65.87000274658203,66.0,62.439998626708984,62.599998474121094,1018900.0,35.3110,0
2021-10-27,LMND,0P0001K7GY,62.33000183105469,63.73500061035156,60.75,60.779998779296875,1349100.0,35.3110,0
2021-10-28,LMND,0P0001K7GY,61.09000015258789,63.45000076293945,60.779998779296875,63.369998931884766,946100.0,35.3110,0
2021-10-29,LMND,0P0001K7GY,63.0,64.12100219726562,61.709999084472656,62.15999984741211,657100.0,35.7597,0
